timestamp,frame,faces,cpu_ms,gpu_ms,cpu_fps,gpu_fps
2026-08-25T10:41:07,1,0,,,0.00,0.00
2026-08-25T10:41:08,15,1,15.0971,384.1290,6.62,0.26
2026-08-25T10:41:09,38,1,2.1346,1.3640,349.72,601.74
2026-08-25T10:41:10,63,0,,,371.44,612.53
2026-08-25T10:41:11,87,0,,,313.77,656.03
2026-08-25T10:41:12,114,1,2.8457,1.4114,325.67,682.55
2026-08-25T10:41:13,141,1,2.1789,1.1215,388.85,772.65
2026-08-25T10:41:15,167,1,2.6395,1.9564,380.60,514.36
2026-08-25T10:41:16,193,1,2.9298,1.8082,396.58,509.32
2026-08-25T10:41:17,219,1,3.2135,5.4375,363.96,456.45
2026-08-25T10:41:18,245,1,2.6002,2.0880,386.73,503.94
2026-08-25T10:41:19,271,1,3.5518,2.0729,369.33,433.20
2026-08-25T10:41:20,297,1,2.2205,2.7331,391.68,462.22
2026-08-25T10:41:21,321,0,,,398.93,457.82
2026-08-25T10:41:22,345,1,2.8927,2.2772,342.45,407.00
2026-08-25T10:41:23,371,1,2.6588,5.7529,378.62,381.82
2026-08-25T10:41:24,397,1,3.0430,2.4450,363.32,386.87
2026-08-25T10:41:25,423,1,2.8989,2.3295,381.90,382.39
2026-08-25T10:41:26,449,1,2.8875,2.2700,371.17,405.19
2026-08-25T10:41:27,474,1,2.5419,2.2112,357.77,423.97
2026-08-25T10:41:28,500,1,2.8050,2.6154,373.81,364.29
2026-08-25T10:41:29,526,1,2.8982,5.8587,361.60,366.73
2026-08-25T10:41:30,552,1,3.0809,3.6254,403.60,384.26
2026-08-25T10:41:31,577,1,2.7016,4.0082,400.32,378.14
2026-08-25T10:41:32,603,1,2.0918,2.2815,416.60,412.46
2026-08-25T10:41:33,630,0,,,352.24,414.74
2026-08-25T10:41:34,656,1,2.2674,2.2735,377.80,375.25
2026-08-25T10:41:35,683,0,,,368.03,371.94
2026-08-25T10:41:36,707,1,2.1760,2.2625,398.16,369.96
2026-08-25T10:41:58,1,1,5.7250,257.7934,17.47,0.39
2026-08-25T10:41:59,27,1,2.9702,1.4113,314.20,587.43
2026-08-25T10:42:00,54,1,2.7548,1.5829,373.28,705.69
2026-08-25T10:42:01,80,1,2.8489,1.5917,360.28,691.76
2026-08-25T10:42:02,106,0,,,365.84,654.47
2026-08-25T10:42:03,135,1,3.7921,1.6535,326.55,654.72
2026-08-25T10:44:58,1,1,5.3854,231.0629,18.57,0.43
2026-08-25T10:44:59,27,1,2.9098,1.2687,336.29,669.62
2026-08-25T10:45:00,53,0,,,352.67,706.29
2026-08-25T10:45:01,74,1,2.1905,1.4581,376.24,673.68
2026-08-25T10:45:02,100,1,3.0879,1.5060,346.31,626.61
2026-08-25T10:45:03,126,1,2.2246,1.1429,372.17,655.78
2026-08-25T10:45:04,152,1,2.1597,1.2691,407.64,709.49
2026-08-25T10:45:05,178,1,2.6018,1.8380,351.28,486.46
2026-08-25T10:45:06,202,1,2.6336,1.9987,377.40,434.28
2026-08-25T10:45:07,227,1,2.8477,1.9974,343.70,469.92
2026-08-25T10:45:08,253,1,2.3182,2.0431,374.57,455.82
2026-08-25T10:45:09,280,1,3.0047,1.9859,382.32,429.69
2026-08-25T10:45:10,304,0,,,334.27,397.89
2026-08-25T10:45:11,325,1,2.1304,2.2972,338.53,387.97
2026-08-25T10:45:12,353,0,,,343.87,399.18
2026-08-25T10:45:13,377,1,2.5526,2.3229,358.54,384.39
2026-08-25T10:45:14,399,0,,,320.62,360.41
2026-08-25T10:45:16,426,0,,,324.03,365.36
2026-08-25T10:45:17,452,0,,,349.39,368.66
2026-08-25T10:45:18,478,0,,,349.39,368.66
2026-08-25T10:45:19,499,1,5.9858,3.1844,318.12,350.11
2026-08-25T10:45:20,525,1,2.6295,2.2307,388.22,403.28
2026-08-25T10:45:21,551,0,,,385.91,399.30
2026-08-25T10:45:22,576,1,3.3146,2.3095,348.26,381.35
2026-08-25T10:45:23,601,1,2.5984,2.2600,365.65,395.12
2026-08-25T10:45:24,626,1,3.2292,2.2297,373.98,411.33
2026-08-25T10:45:25,649,0,,,337.72,371.73
2026-08-25T10:45:26,672,1,2.5594,2.2636,345.76,364.79
2026-08-25T10:45:27,699,0,,,339.07,409.97
2026-08-25T10:45:28,722,0,,,339.07,409.97
2026-08-25T10:45:29,746,0,,,339.07,409.97
2026-08-25T10:45:30,769,0,,,339.07,409.97
2026-08-25T10:45:31,794,0,,,339.07,409.97
2026-08-25T10:45:32,822,0,,,339.07,409.97
2026-08-25T10:45:33,847,0,,,339.07,409.97
2026-08-25T10:45:34,875,0,,,339.07,409.97
2026-08-25T10:45:35,898,0,,,355.17,402.95
2026-08-25T10:45:36,922,1,3.0719,4.5334,366.14,388.65
2026-08-25T10:45:37,946,0,,,390.95,421.04
2026-08-25T10:45:38,971,0,,,387.22,427.02
2026-08-25T10:45:39,993,1,2.6090,2.5188,371.37,400.08
2026-08-25T10:45:40,1018,1,2.1331,2.2472,388.48,417.28
2026-08-25T10:45:41,1044,1,2.8430,2.3155,386.78,424.53
2026-08-25T10:45:42,1068,1,2.4430,2.6273,368.12,416.37
2026-08-25T10:45:43,1094,1,2.6081,2.2227,360.79,397.73
2026-08-25T10:45:44,1120,0,,,381.32,429.18
2026-08-25T10:45:45,1141,0,,,329.30,432.20
2026-08-25T10:45:46,1160,0,,,329.30,432.20
2026-08-25T10:45:47,1184,0,,,333.93,420.86
2026-08-25T10:45:48,1209,1,2.5630,2.3057,350.30,405.60
2026-08-25T10:45:49,1235,0,,,388.52,415.98
2026-08-25T10:45:50,1260,0,,,388.52,415.98
2026-08-25T10:45:51,1282,0,,,327.19,366.37
2026-08-25T10:45:52,1305,0,,,327.19,366.37
2026-08-25T10:45:53,1326,1,3.3199,2.3292,300.24,360.76
2026-08-25T10:45:54,1352,1,2.6681,2.5282,356.16,403.99
2026-08-25T10:45:55,1377,0,,,392.00,415.05
2026-08-25T10:45:56,1399,0,,,381.78,397.12
2026-08-25T10:45:57,1425,1,3.3951,2.2852,344.36,410.15
2026-08-25T10:45:58,1448,1,2.4347,2.4340,381.49,373.44
2026-08-25T10:45:59,1473,1,2.2256,2.7181,402.96,391.77
2026-08-25T10:46:00,1499,1,3.3481,2.2504,354.02,410.71
2026-08-25T10:47:16,1,0,,,0.00,0.00
2026-08-25T10:47:17,27,0,,,0.00,0.00
2026-08-25T10:47:18,40,0,,,7.01,0.31
2026-08-25T10:47:19,59,0,,,36.60,62.37
2026-08-25T10:47:20,78,0,,,45.30,82.83
2026-08-25T10:47:21,99,0,,,45.30,82.83
2026-08-25T10:47:22,127,0,,,45.30,82.83
2026-08-25T10:47:23,148,0,,,143.93,229.37
2026-08-25T10:47:24,173,1,2.9067,1.9998,333.62,450.21
2026-08-25T10:47:25,198,1,2.6010,2.2072,380.17,482.67
2026-08-25T10:47:26,223,1,2.1027,2.2706,397.08,450.10
2026-08-25T10:47:27,248,1,3.1083,2.2590,340.71,429.36
2026-08-25T10:47:28,273,1,2.9838,3.6050,377.90,401.19
2026-08-25T10:47:29,298,1,2.1975,2.2358,404.02,421.14
2026-08-25T10:47:30,324,1,2.6168,2.2346,386.34,405.66
2026-08-25T10:47:31,347,0,,,390.55,411.32
2026-08-25T10:47:32,367,0,,,366.41,398.59
2026-08-25T10:47:33,392,1,2.7029,2.2496,351.14,393.99
2026-08-25T10:47:34,415,0,,,374.73,394.51
2026-08-25T10:47:35,436,0,,,354.67,376.42
2026-08-25T10:47:36,459,0,,,354.67,376.42
2026-08-25T10:47:37,482,0,,,334.43,359.17
2026-08-25T10:47:38,510,0,,,348.09,395.15
2026-08-25T10:47:39,537,0,,,367.16,408.63
2026-08-25T10:47:40,564,0,,,367.21,394.99
2026-08-25T10:47:41,588,0,,,327.00,369.82
2026-08-25T10:47:42,610,1,3.0208,2.2934,291.39,357.12
2026-08-25T10:47:43,636,1,2.7108,2.2433,365.55,408.10
2026-08-25T10:47:44,661,1,4.6214,2.3027,348.70,394.87
2026-08-25T10:47:45,686,0,,,398.91,389.67
2026-08-25T10:47:47,708,1,2.6676,2.4497,358.47,373.19
2026-08-25T10:47:48,729,0,,,356.18,384.77
2026-08-25T10:47:49,754,1,2.4643,2.2733,362.20,425.07
2026-08-25T10:47:50,779,2,4.7947,3.6813,395.23,440.91
2026-08-25T10:47:51,803,0,,,391.91,431.08
2026-08-25T10:47:52,823,1,2.9977,2.2766,345.20,393.61
2026-08-25T10:47:53,849,0,,,344.24,407.84
2026-08-25T10:47:54,872,0,,,337.02,406.50
2026-08-25T10:47:55,893,0,,,337.02,406.50
2026-08-25T10:47:56,913,0,,,337.02,406.50
2026-08-25T10:47:57,934,0,,,317.47,386.99
2026-08-25T10:47:58,957,1,2.8732,2.2874,321.37,412.44
2026-08-25T10:47:59,983,1,2.6606,2.7388,342.72,397.93
2026-08-25T10:54:17,1,0,,,0.00,0.00
2026-08-25T10:54:18,24,0,,,0.00,0.00
2026-08-25T10:54:19,44,0,,,0.00,0.00
2026-08-25T10:54:20,67,0,,,0.00,0.00
2026-08-25T10:54:22,92,0,,,0.00,0.00
2026-08-25T10:54:23,115,0,,,0.00,0.00
2026-08-25T10:54:24,136,0,,,0.00,0.00
2026-08-25T10:54:25,156,0,,,0.00,0.00
2026-08-25T10:54:26,179,0,,,0.00,0.00
2026-08-25T10:54:27,200,0,,,0.00,0.00
2026-08-25T10:54:28,225,0,,,0.00,0.00
2026-08-25T10:54:29,249,0,,,0.00,0.00
2026-08-25T10:54:30,271,0,,,0.00,0.00
2026-08-25T10:54:31,291,0,,,0.00,0.00
2026-08-25T10:54:32,311,0,,,0.00,0.00
2026-08-25T10:54:33,333,0,,,0.00,0.00
2026-08-25T10:54:34,356,0,,,0.00,0.00
2026-08-25T10:54:35,375,0,,,0.00,0.00
2026-08-25T10:54:36,395,0,,,0.00,0.00
2026-08-25T10:54:37,411,0,,,120.88,84.63
2026-08-25T10:54:38,433,1,3.3359,2.2129,280.07,337.68
2026-08-25T10:54:39,458,0,,,386.52,406.96
2026-08-25T10:54:40,481,0,,,386.52,406.96
2026-08-25T10:54:41,502,0,,,341.70,361.68
2026-08-25T10:54:42,524,0,,,313.39,335.00
2026-08-25T10:54:43,548,1,2.9642,2.4261,306.52,345.86
2026-08-25T10:54:44,574,1,2.7337,2.2535,382.64,381.19
2026-08-25T10:54:45,603,1,2.6215,2.2973,321.46,393.60
2026-08-25T10:54:46,629,1,2.7152,2.3192,388.71,404.71
2026-08-25T10:54:47,653,0,,,312.67,358.63
2026-08-25T10:54:48,676,1,2.6649,2.2618,323.78,370.46
2026-08-25T10:54:49,702,1,2.4596,2.3308,380.99,391.12
2026-08-25T10:54:50,727,1,2.2438,2.2244,399.85,379.15
2026-08-25T10:54:51,750,1,2.9747,2.2698,350.78,385.95
2026-08-25T10:54:52,775,1,2.9114,4.7021,382.81,394.34
2026-08-25T10:54:53,800,1,2.6630,5.8666,362.49,389.52
2026-08-25T10:54:54,825,1,2.1397,2.2767,415.35,405.35
2026-08-25T10:54:55,850,1,2.7119,2.4483,395.14,408.97
2026-08-25T10:54:56,875,1,2.1053,2.5431,409.19,389.89
2026-08-25T10:54:57,900,1,2.9298,2.2294,377.26,432.00
2026-08-25T10:54:58,926,1,2.4872,2.4161,367.90,398.75
2026-08-25T10:54:59,951,1,2.5995,2.2462,387.88,386.33
2026-08-25T10:55:00,976,0,,,377.31,384.09
2026-08-25T10:55:01,1003,0,,,354.35,381.51
2026-08-25T10:55:02,1028,0,,,336.60,398.83
2026-08-25T10:55:03,1054,0,,,352.45,384.13
2026-08-25T10:55:04,1076,0,,,352.45,384.13
2026-08-25T10:55:05,1096,0,,,352.45,384.13
2026-08-25T10:55:06,1117,0,,,352.45,384.13
2026-08-25T10:55:07,1137,0,,,352.45,384.13
2026-08-25T10:55:09,1162,0,,,352.45,384.13
2026-08-25T10:55:10,1184,1,2.6990,2.3110,346.14,389.97
2026-08-25T10:55:11,1209,0,,,373.79,402.52
2026-08-25T10:55:12,1236,0,,,400.86,406.48
2026-08-25T10:55:13,1258,1,2.7423,2.4692,328.44,370.55
2026-08-25T10:55:14,1284,1,2.2718,2.3134,371.59,390.53
2026-08-25T10:55:15,1309,1,2.6968,2.2737,389.92,402.04
2026-08-25T10:55:16,1335,1,2.1717,2.6556,391.55,392.53
2026-08-25T10:55:17,1360,1,3.1986,2.3128,362.37,399.20
2026-08-25T10:55:18,1385,1,3.1152,4.6752,346.38,393.17
2026-08-25T10:55:19,1413,0,,,360.07,374.85
2026-08-25T10:55:20,1439,1,2.6966,2.2382,358.17,392.58
2026-08-25T10:55:21,1465,0,,,391.81,420.21
2026-08-25T10:55:22,1493,0,,,378.09,398.39
2026-08-27T00:48:30,1,0,,,0.00,
2026-08-27T00:48:31,27,0,,,0.00,
2026-08-27T00:48:32,59,0,,,0.00,
2026-08-27T00:48:34,88,0,,,0.00,
2026-08-27T00:48:35,117,0,,,0.00,
2026-08-27T00:48:36,143,0,,,0.00,
2026-08-27T00:48:37,168,0,,,30.06,
2026-08-27T00:48:38,193,1,5.6643,,133.41,
2026-08-27T00:48:39,211,1,3.7726,,178.39,
2026-08-27T00:48:40,236,1,4.2165,,269.68,
2026-08-27T00:48:41,268,0,,,229.75,
2026-08-27T00:48:42,294,0,,,218.05,
2026-08-27T00:48:43,319,0,,,218.05,
2026-08-27T00:48:44,344,0,,,218.05,
2026-08-27T00:48:45,363,0,,,209.26,
2026-08-27T00:48:46,388,0,,,209.26,
2026-08-27T00:48:47,410,0,,,209.26,
2026-08-27T00:48:48,431,0,,,209.26,
2026-08-27T00:48:49,456,0,,,209.26,
2026-08-27T00:48:50,480,0,,,209.26,
2026-08-27T00:48:51,505,0,,,209.26,
2026-08-27T00:48:52,529,0,,,227.22,
2026-08-27T00:48:53,551,0,,,213.89,
2026-08-27T00:48:54,571,0,,,219.96,
2026-08-27T00:48:55,596,1,4.4352,,224.88,
2026-08-27T00:48:56,622,0,,,218.72,
2026-08-27T00:48:57,644,0,,,218.72,
2026-08-27T00:48:58,673,0,,,218.72,
2026-08-27T00:48:59,705,0,,,213.02,
2026-08-27T00:49:00,734,0,,,213.02,
2026-08-27T00:49:01,754,0,,,213.02,
2026-08-27T00:49:02,774,0,,,213.02,
2026-08-27T00:49:03,794,0,,,213.02,
2026-08-27T00:49:05,814,0,,,213.02,
2026-08-27T00:49:06,836,1,4.5377,,214.60,
2026-08-27T00:49:07,859,1,4.6202,,226.05,
2026-08-27T00:49:08,883,1,4.5421,,235.11,
2026-08-27T00:49:09,905,1,4.5908,,246.38,
2026-08-27T00:49:10,929,1,4.5495,,234.19,
2026-08-27T00:49:11,952,1,4.5980,,221.88,
2026-08-27T00:49:12,977,1,4.5656,,225.05,
2026-08-27T00:49:13,1001,0,,,233.67,
2026-08-27T00:49:14,1024,1,3.0981,,265.16,
2026-08-27T00:49:15,1054,1,4.1489,,254.88,
2026-08-27T00:49:16,1082,1,3.1138,,268.40,
2026-08-27T00:49:17,1109,1,3.2921,,286.42,
2026-08-27T00:49:18,1132,1,3.3126,,277.80,
2026-08-27T00:49:19,1152,1,3.1794,,282.46,
2026-08-27T00:49:20,1180,1,3.6090,,246.14,
2026-08-27T00:49:21,1210,1,3.4150,,286.06,
2026-08-27T00:49:22,1234,1,4.0571,,246.70,
2026-08-27T00:49:23,1255,1,3.6058,,277.48,
2026-08-27T00:49:24,1278,1,5.0618,,243.18,
2026-08-27T00:49:25,1301,1,3.1406,,291.11,
2026-08-27T00:49:26,1329,0,,,298.66,
2026-08-27T00:49:27,1356,0,,,298.66,
2026-08-27T00:49:28,1378,0,,,298.66,
2026-08-27T00:49:29,1408,0,,,298.66,
2026-08-27T00:49:30,1435,0,,,298.66,
2026-08-27T00:49:31,1451,0,,,258.85,
2026-08-27T00:49:32,1471,0,,,258.85,
2026-08-27T00:49:33,1494,0,,,238.18,
2026-08-27T00:49:34,1515,1,4.3053,,229.60,
2026-08-27T00:49:35,1530,0,,,216.30,
2026-08-27T00:49:37,1551,0,,,216.30,
2026-08-27T00:49:38,1574,0,,,221.76,
2026-08-27T00:49:39,1597,1,3.5330,,223.79,
2026-08-27T00:49:40,1622,1,12.1288,,191.33,
2026-08-27T00:49:41,1651,0,,,217.18,
2026-08-27T00:49:42,1674,0,,,260.72,
2026-08-27T00:49:43,1700,1,3.3577,,258.29,
2026-08-27T00:49:44,1728,0,,,290.42,
2026-08-27T00:49:45,1751,1,4.6062,,279.97,
2026-08-27T00:49:46,1777,0,,,258.40,
2026-08-27T00:49:47,1803,0,,,242.60,
2026-08-27T00:49:48,1828,0,,,223.79,
2026-08-27T00:49:49,1854,1,10.8630,,229.59,
2026-08-27T00:49:50,1880,0,,,251.17,
2026-08-27T00:49:51,1901,1,4.6808,,242.53,
2026-08-27T00:49:52,1926,1,5.0259,,200.95,
2026-08-27T00:49:53,1954,0,,,243.82,
2026-08-27T00:49:54,1981,0,,,221.01,
2026-08-27T00:49:55,2005,1,4.9905,,232.87,
2026-08-27T00:49:56,2027,1,5.3974,,197.76,
2026-08-27T00:49:57,2051,1,5.3112,,194.89,
2026-08-27T00:49:58,2074,0,,,208.49,
2026-08-27T00:49:59,2096,1,6.6080,,222.96,
2026-08-27T00:50:00,2119,1,3.6575,,222.30,
2026-08-27T00:50:01,2142,1,5.4284,,224.14,
2026-08-27T00:50:02,2165,1,8.4585,,237.67,
2026-08-27T00:50:03,2191,1,3.3071,,240.32,
2026-08-27T00:50:04,2220,1,4.4966,,263.85,
2026-08-27T00:50:05,2244,1,3.3561,,277.40,
2026-08-27T00:50:06,2263,1,3.2846,,258.65,
2026-08-27T00:50:07,2285,1,5.0442,,237.55,
2026-08-27T00:50:09,2306,1,5.2470,,190.32,
2026-08-27T00:50:10,2331,1,3.6144,,257.33,
2026-08-27T00:50:11,2362,1,4.8151,,233.12,
2026-08-27T00:50:12,2387,1,5.2872,,248.66,
2026-08-27T00:50:13,2414,1,3.3615,,219.64,
2026-08-27T00:50:14,2438,1,4.0385,,262.31,
2026-08-27T00:50:15,2460,1,4.8339,,221.09,
2026-08-27T00:50:16,2490,0,,,213.29,
2026-08-27T00:50:17,2515,1,5.1200,,226.18,
2026-08-27T00:50:18,2544,0,,,226.18,
2026-08-27T00:50:19,2573,0,,,232.35,
2026-08-27T00:50:20,2603,1,5.0755,,214.89,
2026-08-27T00:50:21,2633,1,4.7127,,222.99,
2026-08-27T00:50:22,2659,1,6.1092,,211.31,
2026-08-27T00:50:23,2680,0,,,211.42,
2026-08-27T00:50:24,2705,0,,,211.42,
2026-08-27T00:50:25,2727,0,,,211.48,
2026-08-27T00:50:26,2751,0,,,211.48,
2026-08-27T00:50:27,2773,0,,,211.48,
2026-08-27T00:50:28,2796,0,,,211.48,
2026-08-27T00:50:29,2818,0,,,213.86,
2026-08-27T00:50:30,2839,0,,,213.86,
2026-08-27T00:50:31,2867,1,5.9080,,209.40,
2026-08-27T00:50:32,2896,0,,,212.72,
2026-08-27T00:50:33,2919,0,,,212.72,
2026-08-27T00:50:34,2946,0,,,212.72,
2026-08-27T00:50:35,2974,0,,,212.72,
2026-08-27T00:50:36,3002,0,,,229.38,
2026-08-27T00:50:37,3031,0,,,229.38,
2026-08-27T00:50:38,3055,0,,,229.38,
2026-08-27T00:50:39,3073,0,,,229.38,
2026-08-27T00:50:40,3095,0,,,229.38,
2026-08-27T00:50:41,3116,0,,,229.38,
2026-08-27T00:50:42,3138,0,,,229.38,
2026-08-27T00:50:43,3161,0,,,229.38,
2026-08-27T00:50:45,3181,0,,,229.38,
2026-08-27T00:50:46,3207,0,,,229.38,
2026-08-27T00:50:47,3231,0,,,229.38,
2026-08-27T00:50:48,3248,0,,,224.61,
2026-08-27T00:50:49,3272,0,,,249.49,
2026-08-27T00:50:50,3296,0,,,249.49,
2026-08-27T00:50:51,3315,0,,,249.49,
2026-08-27T00:50:52,3336,0,,,249.49,
2026-08-27T00:50:53,3358,0,,,249.49,
2026-08-27T00:50:54,3383,1,4.6807,,245.90,
2026-08-27T00:50:55,3411,0,,,251.33,
2026-08-27T00:50:56,3439,0,,,251.33,
2026-08-27T00:50:57,3470,1,5.4839,,200.85,
2026-08-27T00:50:58,3501,1,5.4529,,191.32,
2026-08-27T00:50:59,3531,1,5.3761,,197.66,
2026-08-27T00:51:00,3562,1,3.4725,,224.22,
2026-08-27T00:51:01,3594,1,4.5185,,219.61,
2026-08-27T00:51:02,3626,1,4.6462,,225.86,
2026-08-27T00:51:03,3658,1,5.2197,,213.00,
2026-08-27T00:51:04,3690,0,,,211.54,
2026-08-27T00:51:05,3719,1,5.6387,,220.28,
2026-08-27T00:51:06,3747,0,,,216.50,
2026-08-27T00:51:07,3770,1,4.3850,,201.48,
2026-08-27T00:51:08,3798,1,5.1075,,216.78,
2026-08-27T00:51:09,3821,0,,,219.26,
2026-08-27T01:00:35,1,0,,,0.00,
2026-08-27T01:00:36,26,1,5.3742,,200.78,
2026-08-27T01:00:37,54,1,4.8497,,226.20,
2026-08-27T01:00:38,84,0,,,252.67,
2026-08-27T01:00:39,106,0,,,239.27,
2026-08-27T01:00:40,129,1,3.1794,,256.02,
2026-08-27T01:00:41,157,1,3.0647,,250.99,
2026-08-27T01:00:42,180,0,,,250.99,
2026-08-27T01:00:43,198,1,5.2114,,230.09,
2026-08-27T01:00:44,227,1,3.1726,,248.38,
2026-08-27T01:00:45,257,1,4.5552,,241.66,
2026-08-27T01:00:46,288,0,,,248.83,
2026-08-27T01:00:47,311,0,,,229.58,
2026-08-27T01:00:48,334,0,,,229.58,
2026-08-27T01:00:49,366,0,,,229.58,
2026-08-27T01:00:50,391,1,4.2750,,226.40,
2026-08-27T01:00:51,422,1,3.1053,,256.14,
2026-08-27T01:00:52,453,1,3.1420,,250.45,
2026-08-27T01:00:53,483,1,5.0740,,229.58,
2026-08-27T01:00:54,514,1,4.7266,,216.52,
2026-08-27T01:00:55,546,1,3.1402,,243.48,
2026-08-27T01:00:56,577,1,4.4886,,224.85,
2026-08-27T01:00:57,607,1,4.5734,,228.99,
2026-08-27T01:00:58,638,1,4.3431,,237.06,
2026-08-27T01:01:00,668,1,4.6082,,253.13,
2026-08-27T01:01:01,693,1,4.7788,,251.93,
2026-08-27T01:01:02,725,1,3.1380,,253.46,
2026-08-27T01:01:03,756,0,,,237.37,
2026-08-27T01:01:04,780,0,,,237.37,
2026-08-27T01:01:05,801,0,,,237.37,
2026-08-27T01:01:06,822,0,,,237.37,
2026-08-27T01:01:07,847,0,,,237.37,
2026-08-27T01:01:08,868,0,,,237.37,
2026-08-27T01:01:09,893,1,4.5992,,232.32,
2026-08-27T01:01:10,922,1,5.1951,,226.64,
2026-08-27T01:01:11,947,0,,,214.40,
2026-08-27T01:11:27,1,1,6.1380,,16.29,
2026-08-27T01:11:28,31,1,5.1584,,174.97,
2026-08-27T01:11:29,62,1,5.1725,,185.44,
2026-08-27T01:11:30,91,0,,,196.57,
2026-08-27T01:11:31,121,1,4.9944,,196.93,
2026-08-27T01:11:32,153,0,,,191.27,
2026-08-27T01:11:33,184,0,,,188.86,
2026-08-27T01:11:34,214,1,5.3741,,182.89,
2026-08-27T01:11:35,239,1,5.3775,,195.64,
2026-08-27T01:11:36,262,0,,,191.12,
2026-08-27T01:11:37,286,0,,,191.12,
2026-08-27T01:11:38,309,1,3.5545,,213.78,
2026-08-27T01:11:39,334,1,5.0735,,217.33,
2026-08-27T01:11:40,358,0,,,218.84,
2026-08-27T01:11:41,381,1,5.0710,,216.84,
2026-08-27T01:11:42,405,0,,,209.58,
2026-08-27T01:11:44,430,0,,,198.22,
2026-08-27T01:11:45,459,0,,,198.22,
2026-08-27T01:11:46,487,1,5.4372,,200.26,
2026-08-27T01:11:47,518,0,,,191.70,
2026-08-27T01:11:48,545,1,5.5582,,203.08,
2026-08-27T01:11:49,573,1,4.9103,,203.46,
2026-08-27T01:11:50,604,0,,,198.73,
2026-08-27T01:11:51,634,1,5.1213,,192.11,
2026-08-27T01:11:52,658,2,8.3241,,227.74,
2026-08-27T01:11:53,686,1,5.1770,,225.26,
2026-08-27T01:11:54,717,0,,,205.79,
2026-08-27T01:11:55,749,0,,,205.69,
2026-08-27T01:11:56,774,1,5.0736,,204.22,
2026-08-27T01:11:57,804,1,5.5059,,201.19,
2026-08-27T01:11:58,835,1,5.0189,,221.61,
2026-08-27T01:11:59,860,1,5.1543,,216.48,
2026-08-27T01:12:00,882,1,4.9612,,232.87,
2026-08-27T01:12:01,906,0,,,227.04,
2026-08-27T01:12:02,924,0,,,210.50,
2026-08-27T01:12:03,946,1,4.8519,,226.03,
2026-08-27T01:12:04,970,2,8.1067,,243.41,
2026-08-27T01:12:05,992,2,10.3209,,240.40,
2026-08-27T01:12:06,1017,0,,,225.27,
2026-08-27T01:12:07,1045,2,8.3958,,224.84,
2026-08-27T01:12:08,1072,2,8.2100,,237.41,
2026-08-27T01:12:09,1100,1,5.0679,,223.61,
